{
  "results": [
    {
      "command": "oxiflex Problems/slow_convergence/minizinc/datafiles/100.fzn -n",
      "mean": 0.11528724396,
      "stddev": 0.002396899743471386,
      "median": 0.11483516246,
      "user": 0.11172200461538462,
      "system": 0.0034089261538461533,
      "min": 0.11069885096000001,
      "max": 0.12015004196000001,
      "times": [
        0.11315798596000001,
        0.11790938796,
        0.11426554196000001,
        0.11570386996000001,
        0.11641727696000001,
        0.11367739796000001,
        0.12015004196000001,
        0.11593410796,
        0.11422777496,
        0.11419815696,
        0.11761238596000001,
        0.11884921696,
        0.11386592396,
        0.11069885096000001,
        0.11677841996,
        0.11384312196,
        0.11223916496000001,
        0.11937339396,
        0.11196988196,
        0.11505702496,
        0.11435961396000001,
        0.11279004296,
        0.11461329996000001,
        0.11588670796,
        0.11849915896,
        0.11539059096000001
      ],
      "exit_codes": [
        0,
        0,
        0,
        0,
        0,
        0,
        0,
        0,
        0,
        0,
        0,
        0,
        0,
        0,
        0,
        0,
        0,
        0,
        0,
        0,
        0,
        0,
        0,
        0,
        0,
        0
      ],
      "parameters": {
        "n": "100"
      }
    },
    {
      "command": "/usr/local/MiniZincIDE-2.8.3-bundle-linux-x86_64/bin/fzn-gecode Problems/slow_convergence/minizinc/datafiles/100.fzn",
      "mean": 0.023506043476129036,
      "stddev": 0.0009714130147815184,
      "median": 0.02321822896,
      "user": 0.017925716774193547,
      "system": 0.00543911016129032,
      "min": 0.022397273960000002,
      "max": 0.02716167896,
      "times": [
        0.023272788960000002,
        0.02429361796,
        0.02322405496,
        0.02474837196,
        0.023628647960000002,
        0.02407966496,
        0.023011364960000003,
        0.023032391960000002,
        0.02536146296,
        0.022758160960000003,
        0.023122186960000003,
        0.02308167796,
        0.022811723960000002,
        0.022845208960000002,
        0.023628382960000003,
        0.02287383296,
        0.02305922396,
        0.023070292960000002,
        0.02303649596,
        0.02275442796,
        0.02323655796,
        0.02278849196,
        0.023037506960000002,
        0.023926231960000002,
        0.02284254096,
        0.02321159496,
        0.02353002196,
        0.022799832960000002,
        0.02365966996,
        0.02275922596,
        0.02340357296,
        0.022673031960000003,
        0.023908855960000003,
        0.02270580196,
        0.02369725296,
        0.02287480596,
        0.02310986296,
        0.02368274596,
        0.02338735096,
        0.02535571596,
        0.02309106596,
        0.02448495996,
        0.02306790196,
        0.024580899960000003,
        0.022630999960000002,
        0.024833973960000002,
        0.02298630696,
        0.02276695096,
        0.022951942960000003,
        0.02298827696,
        0.024432850960000002,
        0.02406482096,
        0.02463454396,
        0.02246543696,
        0.023898877960000002,
        0.02433002696,
        0.02586515596,
        0.022788179960000002,
        0.024075237960000002,
        0.022626931960000003,
        0.024601980960000002,
        0.02352812496,
        0.026610670960000003,
        0.02334565196,
        0.02305421896,
        0.02289792996,
        0.02504003296,
        0.02348141996,
        0.022806793960000002,
        0.027006527960000002,
        0.02269347096,
        0.02432701996,
        0.02335104596,
        0.024075349960000002,
        0.02256415696,
        0.02429857896,
        0.02248074396,
        0.02439203896,
        0.02273742696,
        0.02468392996,
        0.022522391960000002,
        0.024506778960000003,
        0.02243101596,
        0.02354903496,
        0.02359187196,
        0.02268489496,
        0.02303363996,
        0.02360193396,
        0.02257516496,
        0.02333527296,
        0.024171267960000003,
        0.02251710796,
        0.02518204396,
        0.022397273960000002,
        0.02321240296,
        0.02244714596,
        0.02399797696,
        0.02289653996,
        0.02279009896,
        0.022705014960000002,
        0.023369340960000002,
        0.022595879960000002,
        0.02388282996,
        0.02280656396,
        0.02447723896,
        0.022969422960000003,
        0.02691298996,
        0.02359512096,
        0.023440488960000002,
        0.02333367596,
        0.02300326896,
        0.022674818960000002,
        0.02252621196,
        0.023841195960000002,
        0.022926347960000003,
        0.02334494096,
        0.02251691696,
        0.02337353596,
        0.02259757096,
        0.02301204696,
        0.023423653960000002,
        0.024177490960000003,
        0.02281017096,
        0.02716167896
      ],
      "exit_codes": [
        0,
        0,
        0,
        0,
        0,
        0,
        0,
        0,
        0,
        0,
        0,
        0,
        0,
        0,
        0,
        0,
        0,
        0,
        0,
        0,
        0,
        0,
        0,
        0,
        0,
        0,
        0,
        0,
        0,
        0,
        0,
        0,
        0,
        0,
        0,
        0,
        0,
        0,
        0,
        0,
        0,
        0,
        0,
        0,
        0,
        0,
        0,
        0,
        0,
        0,
        0,
        0,
        0,
        0,
        0,
        0,
        0,
        0,
        0,
        0,
        0,
        0,
        0,
        0,
        0,
        0,
        0,
        0,
        0,
        0,
        0,
        0,
        0,
        0,
        0,
        0,
        0,
        0,
        0,
        0,
        0,
        0,
        0,
        0,
        0,
        0,
        0,
        0,
        0,
        0,
        0,
        0,
        0,
        0,
        0,
        0,
        0,
        0,
        0,
        0,
        0,
        0,
        0,
        0,
        0,
        0,
        0,
        0,
        0,
        0,
        0,
        0,
        0,
        0,
        0,
        0,
        0,
        0,
        0,
        0,
        0,
        0,
        0,
        0
      ],
      "parameters": {
        "n": "100"
      }
    },
    {
      "command": "oxiflex Problems/slow_convergence/minizinc/datafiles/200.fzn -n",
      "mean": 0.84545701026,
      "stddev": 0.031016269926629123,
      "median": 0.83809476746,
      "user": 0.8342779199999997,
      "system": 0.01041352,
      "min": 0.81533317696,
      "max": 0.92153029796,
      "times": [
        0.82800346196,
        0.82506994896,
        0.83723360196,
        0.83895593296,
        0.81533317696,
        0.82184745996,
        0.92153029796,
        0.86897944196,
        0.84852172796,
        0.84909505196
      ],
      "exit_codes": [
        0,
        0,
        0,
        0,
        0,
        0,
        0,
        0,
        0,
        0
      ],
      "parameters": {
        "n": "200"
      }
    },
    {
      "command": "/usr/local/MiniZincIDE-2.8.3-bundle-linux-x86_64/bin/fzn-gecode Problems/slow_convergence/minizinc/datafiles/200.fzn",
      "mean": 0.06429963977818182,
      "stddev": 0.0032619261790530598,
      "median": 0.06309258996,
      "user": 0.05455373363636362,
      "system": 0.009468765454545456,
      "min": 0.061400925960000005,
      "max": 0.07855650196000001,