{
  "results": [
    {
      "command": "oxiflex Problems/slow_convergence/minizinc/datafiles/100.fzn -n",
      "mean": 0.12179358465826089,
      "stddev": 0.0033496553085006022,
      "median": 0.12161120018,
      "user": 0.11770936434782611,
      "system": 0.004002484347826086,
      "min": 0.11826960318,
      "max": 0.13290664618,
      "times": [
        0.12584079418,
        0.11969621518,
        0.12175394518,
        0.13290664618,
        0.11826960318,
        0.11985780618,
        0.11829801818,
        0.12161120018,
        0.12340899118,
        0.11933402718,
        0.12172137818,
        0.12161838418,
        0.12380089518,
        0.12087160618000001,
        0.12559582118,
        0.12163003618,
        0.12565699818,
        0.12086484918,
        0.12083978118000001,
        0.12162447118,
        0.11916197118,
        0.11848196418,
        0.11840704418
      ],
      "exit_codes": [
        0,
        0,
        0,
        0,
        0,
        0,
        0,
        0,
        0,
        0,
        0,
        0,
        0,
        0,
        0,
        0,
        0,
        0,
        0,
        0,
        0,
        0,
        0
      ],
      "parameters": {
        "n": "100"
      }
    },
    {
      "command": "/usr/local/MiniZincIDE-2.8.3-bundle-linux-x86_64/bin/fzn-gecode Problems/slow_convergence/minizinc/datafiles/100.fzn",
      "mean": 0.02326762574349206,
      "stddev": 0.0011487701259379436,
      "median": 0.02289484068,
      "user": 0.017659210793650792,
      "system": 0.005451083015873017,
      "min": 0.022379537180000002,
      "max": 0.03209956018,
      "times": [
        0.022848196180000002,
        0.024542482180000002,
        0.02345214618,
        0.023309420180000002,
        0.022765947180000003,
        0.022858028180000003,
        0.023212556180000003,
        0.022784930180000003,
        0.025451282180000003,
        0.03209956018,
        0.023624634180000003,
        0.02396621918,
        0.024162206180000003,
        0.02261875618,
        0.023121316180000004,
        0.023337195180000003,
        0.02274784418,
        0.02273736418,
        0.023512019180000003,
        0.022993346180000002,
        0.02286503918,
        0.023172753180000002,
        0.022920548180000003,
        0.02384644718,
        0.023095376180000002,
        0.026795390180000003,
        0.022905119180000003,
        0.022851509180000004,
        0.022818851180000002,
        0.023025078180000002,
        0.022653497180000003,
        0.023189989180000002,
        0.022617842180000004,
        0.025335695180000003,
        0.02260557918,
        0.023264991180000003,
        0.022585704180000003,
        0.022875584180000002,
        0.022969301180000002,
        0.023300314180000004,
        0.022684199180000003,
        0.022848380180000002,
        0.022929461180000003,
        0.022853322180000003,
        0.022444925180000002,
        0.02284559418,
        0.023041310180000003,
        0.02289513518,
        0.022601417180000003,
        0.022892076180000002,
        0.02287000318,
        0.022901698180000003,
        0.022823226180000003,
        0.02308376318,
        0.02262194118,
        0.022743285180000003,
        0.022592164180000002,
        0.022810038180000002,
        0.023375872180000003,
        0.02293924718,
        0.023254333180000003,
        0.02271177518,
        0.02280033718,
        0.022773276180000003,
        0.022949447180000002,
        0.02277774918,
        0.02626308118,
        0.022679897180000002,
        0.02313891418,
        0.02323577618,
        0.023440378180000002,
        0.022416038180000004,
        0.02528441618,
        0.022639261180000002,
        0.02354951518,
        0.022697983180000002,
        0.024041578180000002,
        0.022482197180000003,
        0.022843680180000003,
        0.024311273180000002,
        0.02273265618,
        0.023208966180000002,
        0.022596789180000004,
        0.023339191180000003,
        0.023743168180000003,
        0.02468182118,
        0.023134712180000003,
        0.027324380180000003,
        0.023236913180000002,
        0.023822458180000002,
        0.023369231180000002,
        0.02288892618,
        0.02281584118,
        0.023460143180000004,
        0.022379537180000002,
        0.02443967118,
        0.02310222618,
        0.022869299180000004,
        0.022508617180000003,
        0.022879499180000002,
        0.02247760118,
        0.02277927218,
        0.022628996180000003,
        0.022894546180000003,
        0.022709167180000003,
        0.022892806180000003,
        0.022531563180000002,
        0.02280642118,
        0.023228718180000003,
        0.024568660180000004,
        0.022775749180000002,
        0.022689077180000003,
        0.02312167718,
        0.02283503518,
        0.023073524180000003,
        0.022883467180000002,
        0.02292763918,
        0.02271156418,
        0.023333314180000002,
        0.022631737180000003,
        0.022881503180000002,
        0.022670753180000003,
        0.025264574180000002,
        0.02266750618,
        0.023271938180000003,
        0.02300195818
      ],
      "exit_codes": [
        0,
        0,
        0,
        0,
        0,
        0,
        0,
        0,
        0,
        0,
        0,
        0,
        0,
        0,
        0,
        0,
        0,
        0,
        0,
        0,
        0,
        0,
        0,
        0,
        0,
        0,
        0,
        0,
        0,
        0,
        0,
        0,
        0,
        0,
        0,
        0,
        0,
        0,
        0,
        0,
        0,
        0,
        0,
        0,
        0,
        0,
        0,
        0,
        0,
        0,
        0,
        0,
        0,
        0,
        0,
        0,
        0,
        0,
        0,
        0,
        0,
        0,
        0,
        0,
        0,
        0,
        0,
        0,
        0,
        0,
        0,
        0,
        0,
        0,
        0,
        0,
        0,
        0,
        0,
        0,
        0,
        0,
        0,
        0,
        0,
        0,
        0,
        0,
        0,
        0,
        0,
        0,
        0,
        0,
        0,
        0,
        0,
        0,
        0,
        0,
        0,
        0,
        0,
        0,
        0,
        0,
        0,
        0,
        0,
        0,
        0,
        0,
        0,
        0,
        0,
        0,
        0,
        0,
        0,
        0,
        0,
        0,
        0,
        0,
        0,
        0
      ],
      "parameters": {
        "n": "100"
      }
    },
    {
      "command": "oxiflex Problems/slow_convergence/minizinc/datafiles/200.fzn -n",
      "mean": 0.90434793488,
      "stddev": 0.01706965445046913,
      "median": 0.90063134618,
      "user": 0.89109336,
      "system": 0.01208062,
      "min": 0.8891683811800001,
      "max": 0.9474212391800001,
      "times": [
        0.90160429718,
        0.8982703591800001,
        0.9474212391800001,
        0.9070724681800001,
        0.89965839518,
        0.90445432918,
        0.9140681941800001,
        0.88921797018,
        0.8891683811800001,
        0.8925437151800001
      ],
      "exit_codes": [
        0,
        0,
        0,
        0,
        0,
        0,
        0,
        0,
        0,
        0
      ],
      "parameters": {
        "n": "200"
      }
    },
    {
      "command": "/usr/local/MiniZincIDE-2.8.3-bundle-linux-x86_64/bin/fzn-gecode Problems/slow_convergence/minizinc/datafiles/200.fzn",
      "mean": 0.06372004332583335,
      "stddev": 0.0024433299756640168,
      "median": 0.06319450868000001,
      "user": 0.053935955833333334,
      "system": 0.009500452916666667,
      "min": 0.06099600518000001,
      "max": 0.07153110918,